<?xml version="1.0" encoding="utf-8"?>
<SoundBanksInfo Platform="Windows" BasePlatform="Windows" SchemaVersion="12" SoundbankVersion="135">
	<RootPaths>
		<ProjectRoot>E:\Abbas's stuff VII I think\1337 haxx\ror2lol\Chikara ga minegitte kuru\_IzaJinjoNiShobu\the\teslaTrooperWwise\</ProjectRoot>
		<SourceFilesRoot>E:\Abbas's stuff VII I think\1337 haxx\ror2lol\Chikara ga minegitte kuru\_IzaJinjoNiShobu\the\teslaTrooperWwise\.cache\Windows\</SourceFilesRoot>
		<SoundBanksRoot>E:\Abbas's stuff VII I think\1337 haxx\ror2lol\Chikara ga minegitte kuru\_IzaJinjoNiShobu\the\teslaTrooperWwise\GeneratedSoundBanks\Windows\</SoundBanksRoot>
		<ExternalSourcesInputFile></ExternalSourcesInputFile>
		<ExternalSourcesOutputRoot>E:\Abbas's stuff VII I think\1337 haxx\ror2lol\Chikara ga minegitte kuru\_IzaJinjoNiShobu\the\teslaTrooperWwise\GeneratedSoundBanks\Windows</ExternalSourcesOutputRoot>
	</RootPaths>
	<DialogueEvents/>
	<StreamedFiles/>
	<MediaFilesNotInAnyBank/>
	<SoundBanks>
		<SoundBank Id="1355168291" Language="SFX" Hash="1192631178">
			<ObjectPath>Init</ObjectPath>
			<ShortName>Init</ShortName>
			<Path>Init.bnk</Path>
		</SoundBank>
		<SoundBank Id="4284962222" Language="SFX" Hash="3907725635">
			<ObjectPath>\SoundBanks\Default Work Unit\Tesla_Trooper</ObjectPath>
			<ShortName>Tesla_Trooper</ShortName>
			<Path>Tesla_Trooper.bnk</Path>
			<IncludedEvents>
				<Event Id="3473271386" Name="Play_building_uselbuil" ObjectPath="\Events\Default Work Unit\Trooper\Play_building_uselbuil">
					<IncludedMemoryFiles>
						<File Id="795510991" Language="SFX">
							<ShortName>building_uselbuil.wav</ShortName>
							<Path>SFX\building_uselbuil_A0997E7C.wem</Path>
						</File>
					</IncludedMemoryFiles>
				</Event>
				<Event Id="3767236929" Name="Play_buliding_uplace" ObjectPath="\Events\Default Work Unit\Trooper\Play_buliding_uplace">
					<IncludedMemoryFiles>
						<File Id="779542685" Language="SFX">
							<ShortName>buliding_uplace_01.wav</ShortName>
							<Path>SFX\buliding_uplace_01_A0997E7C.wem</Path>
						</File>
					</IncludedMemoryFiles>
				</Event>
				<Event Id="2005101221" Name="Play_Chrono_Voiceline_Attack" ObjectPath="\Events\Default Work Unit\Chrono\VoiceLines\Play_Chrono_Voiceline_Attack">
					<IncludedMemoryFiles>
						<File Id="543988347" Language="SFX">
							<ShortName>ichratb.wav</ShortName>
							<Path>SFX\ichratb_E4E92DBC.wem</Path>
						</File>
						<File Id="639601747" Language="SFX">
							<ShortName>ichrata.wav</ShortName>
							<Path>SFX\ichrata_E4E92DBC.wem</Path>
						</File>
						<File Id="779035894" Language="SFX">
							<ShortName>ichratc.wav</ShortName>
							<Path>SFX\ichratc_E4E92DBC.wem</Path>
						</File>
						<File Id="916643002" Language="SFX">
							<ShortName>ichratd.wav</ShortName>
							<Path>SFX\ichratd_E4E92DBC.wem</Path>
						</File>
					</IncludedMemoryFiles>
				</Event>
				<Event Id="2744567727" Name="Play_Chrono_Voiceline_Driver" ObjectPath="\Events\Default Work Unit\Chrono\VoiceLines\Play_Chrono_Voiceline_Driver">
					<IncludedMemoryFiles>
						<File Id="779035894" Language="SFX">
							<ShortName>ichratc.wav</ShortName>
							<Path>SFX\ichratc_E4E92DBC.wem</Path>
						</File>
					</IncludedMemoryFiles>
				</Event>
				<Event Id="510440378" Name="Play_Chrono_Voiceline_Move" ObjectPath="\Events\Default Work Unit\Chrono\VoiceLines\Play_Chrono_Voiceline_Move">
					<IncludedMemoryFiles>
						<File Id="23059952" Language="SFX">
							<ShortName>ichrseb.wav</ShortName>
							<Path>SFX\ichrseb_E4E92DBC.wem</Path>
						</File>
						<File Id="80822542" Language="SFX">
							<ShortName>ichrsed.wav</ShortName>
							<Path>SFX\ichrsed_E4E92DBC.wem</Path>
						</File>
						<File Id="198197094" Language="SFX">
							<ShortName>ichrsee.wav</ShortName>
							<Path>SFX\ichrsee_E4E92DBC.wem</Path>
						</File>
						<File Id="597877348" Language="SFX">
							<ShortName>ichrsea.wav</ShortName>
							<Path>SFX\ichrsea_E4E92DBC.wem</Path>
						</File>
						<File Id="854012660" Language="SFX">
							<ShortName>ichrsec.wav</ShortName>
							<Path>SFX\ichrsec_E4E92DBC.wem</Path>
						</File>
					</IncludedMemoryFiles>
				</Event>
				<Event Id="4284143501" Name="Play_Chrono_Voiceline_Select" ObjectPath="\Events\Default Work Unit\Chrono\VoiceLines\Play_Chrono_Voiceline_Select">
					<IncludedMemoryFiles>
						<File Id="23059952" Language="SFX">
							<ShortName>ichrseb.wav</ShortName>
							<Path>SFX\ichrseb_E4E92DBC.wem</Path>
						</File>
						<File Id="80822542" Language="SFX">
							<ShortName>ichrsed.wav</ShortName>
							<Path>SFX\ichrsed_E4E92DBC.wem</Path>
						</File>
						<File Id="198197094" Language="SFX">
							<ShortName>ichrsee.wav</ShortName>
							<Path>SFX\ichrsee_E4E92DBC.wem</Path>
						</File>
						<File Id="597877348" Language="SFX">
							<ShortName>ichrsea.wav</ShortName>
							<Path>SFX\ichrsea_E4E92DBC.wem</Path>
						</File>
						<File Id="854012660" Language="SFX">
							<ShortName>ichrsec.wav</ShortName>
							<Path>SFX\ichrsec_E4E92DBC.wem</Path>
						</File>
					</IncludedMemoryFiles>
				</Event>
				<Event Id="3356972007" Name="Play_ChronoAttack" ObjectPath="\Events\Default Work Unit\Chrono\Play_ChronoAttack">
					<IncludedMemoryFiles>
						<File Id="374347383" Language="SFX">
							<ShortName>ChronoAttack.wav</ShortName>
							<Path>SFX\ChronoAttack_E4E92DBC.wem</Path>
						</File>
					</IncludedMemoryFiles>
				</Event>
				<Event Id="3239390487" Name="Play_ChronoAttackShort" ObjectPath="\Events\Default Work Unit\Chrono\Play_ChronoAttackShort">
					<IncludedMemoryFiles>
						<File Id="505651589" Language="SFX">
							<ShortName>ChronoAttackShort.wav</ShortName>
							<Path>SFX\ChronoAttackShort_E4E92DBC.wem</Path>
						</File>
					</IncludedMemoryFiles>
				</Event>
				<Event Id="42212868" Name="Play_ChronoMove" ObjectPath="\Events\Default Work Unit\Chrono\Play_ChronoMove">
					<IncludedMemoryFiles>
						<File Id="266375039" Language="SFX">
							<ShortName>ChronoMove.wav</ShortName>
							<Path>SFX\ChronoMove_E4E92DBC.wem</Path>
						</File>
					</IncludedMemoryFiles>
				</Event>
				<Event Id="2971012553" Name="Play_ChronosphereHumEnd" ObjectPath="\Events\Default Work Unit\Chrono\Sphere\Play_ChronosphereHumEnd">
					<IncludedMemoryFiles>
						<File Id="523974580" Language="SFX">
							<ShortName>ChronosphereHumEnd.wav</ShortName>
							<Path>SFX\ChronosphereHumEnd_E4E92DBC.wem</Path>
						</File>
					</IncludedMemoryFiles>
				</Event>
				<Event Id="3021860668" Name="Play_ChronosphereHumLoop" ObjectPath="\Events\Default Work Unit\Chrono\Sphere\Play_ChronosphereHumLoop">
					<IncludedMemoryFiles>
						<File Id="524328653" Language="SFX">
							<ShortName>ChronosphereHumLoopA.wav</ShortName>
							<Path>SFX\ChronosphereHumLoopA_E4E92DBC.wem</Path>
						</File>
						<File Id="547527568" Language="SFX">
							<ShortName>ChronosphereHumLoopC.wav</ShortName>
							<Path>SFX\ChronosphereHumLoopC_E4E92DBC.wem</Path>
						</File>
						<File Id="685375211" Language="SFX">
							<ShortName>ChronosphereHumLoopB.wav</ShortName>
							<Path>SFX\ChronosphereHumLoopB_E4E92DBC.wem</Path>
						</File>
					</IncludedMemoryFiles>
				</Event>
				<Event Id="959607786" Name="Play_ChronosphereHumStart" ObjectPath="\Events\Default Work Unit\Chrono\Sphere\Play_ChronosphereHumStart">
					<IncludedMemoryFiles>
						<File Id="741092325" Language="SFX">
							<ShortName>ChronosphereHumStart.wav</ShortName>
							<Path>SFX\ChronosphereHumStart_E4E92DBC.wem</Path>
						</File>
					</IncludedMemoryFiles>
				</Event>
				<Event Id="3684334239" Name="Play_ChronosphereMove" ObjectPath="\Events\Default Work Unit\Chrono\Sphere\Play_ChronosphereMove">
					<IncludedMemoryFiles>
						<File Id="9435602" Language="SFX">
							<ShortName>ChronosphereMove.wav</ShortName>
							<Path>SFX\ChronosphereMove_E4E92DBC.wem</Path>
						</File>
					</IncludedMemoryFiles>
				</Event>
				<Event Id="423934015" Name="Play_ChronosphereSelectEnd" ObjectPath="\Events\Default Work Unit\Chrono\Sphere\Play_ChronosphereSelectEnd">
					<IncludedMemoryFiles>
						<File Id="468798452" Language="SFX">
							<ShortName>ChronosphereSelectEnd.wav</ShortName>
							<Path>SFX\ChronosphereSelectEnd_E4E92DBC.wem</Path>
						</File>
					</IncludedMemoryFiles>
				</Event>
				<Event Id="664130482" Name="Play_ChronosphereSelectLoop" ObjectPath="\Events\Default Work Unit\Chrono\Sphere\Play_ChronosphereSelectLoop">
					<IncludedMemoryFiles>
						<File Id="343498486" Language="SFX">
							<ShortName>ChronosphereSelectLoopC.wav</ShortName>
							<Path>SFX\ChronosphereSelectLoopC_E4E92DBC.wem</Path>
						</File>
						<File Id="806200219" Language="SFX">
							<ShortName>ChronosphereSelectLoopA.wav</ShortName>
							<Path>SFX\ChronosphereSelectLoopA_E4E92DBC.wem</Path>
						</File>
						<File Id="821227873" Language="SFX">
							<ShortName>ChronosphereSelectLoopB.wav</ShortName>
							<Path>SFX\ChronosphereSelectLoopB_E4E92DBC.wem</Path>
						</File>
					</IncludedMemoryFiles>
				</Event>
				<Event Id="2478323804" Name="Play_ChronosphereSelectStart" ObjectPath="\Events\Default Work Unit\Chrono\Sphere\Play_ChronosphereSelectStart">
					<IncludedMemoryFiles>
						<File Id="1063328719" Language="SFX">
							<ShortName>ChronosphereSelectStart.wav</ShortName>
							<Path>SFX\ChronosphereSelectStart_E4E92DBC.wem</Path>
						</File>
					</IncludedMemoryFiles>
				</Event>
				<Event Id="108062054" Name="Play_ChronoVanish" ObjectPath="\Events\Default Work Unit\Chrono\Play_ChronoVanish">
					<IncludedMemoryFiles>
						<File Id="711715899" Language="SFX">
							<ShortName>ChronoVanish.wav</ShortName>
							<Path>SFX\ChronoVanish_E4E92DBC.wem</Path>
						</File>
					</IncludedMemoryFiles>
				</Event>
				<Event Id="3982505283" Name="Play_Desolator_Beam" ObjectPath="\Events\Default Work Unit\Desolator\Play_Desolator_Beam">
					<IncludedMemoryFiles>
						<File Id="660682721" Language="SFX">
							<ShortName>idesat1a_attack.wav</ShortName>
							<Path>SFX\idesat1a_attack_E4E92DBC.wem</Path>
						</File>
					</IncludedMemoryFiles>
				</Event>
				<Event Id="3391721008" Name="Play_Desolator_Beam_Deep" ObjectPath="\Events\Default Work Unit\Desolator\Play_Desolator_Beam_Deep">
					<IncludedMemoryFiles>
						<File Id="1016931564" Language="SFX">
							<ShortName>idesat1a_attack_deep_short.wav</ShortName>
							<Path>SFX\idesat1a_attack_deep_short_E4E92DBC.wem</Path>
						</File>
					</IncludedMemoryFiles>
				</Event>
				<Event Id="1869272482" Name="Play_Desolator_Beam_Deep2" ObjectPath="\Events\Default Work Unit\Desolator\Play_Desolator_Beam_Deep2">
					<IncludedMemoryFiles>
						<File Id="660682721" Language="SFX">
							<ShortName>idesat1a_attack.wav</ShortName>
							<Path>SFX\idesat1a_attack_E4E92DBC.wem</Path>
						</File>
					</IncludedMemoryFiles>
				</Event>
				<Event Id="3594707580" Name="Play_Desolator_Beam_Short" ObjectPath="\Events\Default Work Unit\Desolator\Play_Desolator_Beam_Short">
					<IncludedMemoryFiles>
						<File Id="50171806" Language="SFX">
							<ShortName>idesat1a_attack_short4.wav</ShortName>
							<Path>SFX\idesat1a_attack_short4_E4E92DBC.wem</Path>
						</File>
						<File Id="68343954" Language="SFX">
							<ShortName>idesat1a_attack_short.wav</ShortName>
							<Path>SFX\idesat1a_attack_short_E4E92DBC.wem</Path>
						</File>
						<File Id="176162194" Language="SFX">
							<ShortName>idesat1a_attack_short2.wav</ShortName>
							<Path>SFX\idesat1a_attack_short2_E4E92DBC.wem</Path>
						</File>
						<File Id="211424573" Language="SFX">
							<ShortName>idesat1a_attack_short3.wav</ShortName>
							<Path>SFX\idesat1a_attack_short3_E4E92DBC.wem</Path>
						</File>
					</IncludedMemoryFiles>
				</Event>
				<Event Id="2904599479" Name="Play_Desolator_Deploy" ObjectPath="\Events\Default Work Unit\Desolator\Play_Desolator_Deploy">
					<IncludedMemoryFiles>
						<File Id="327612978" Language="SFX">
							<ShortName>idesat2a_deploy.wav</ShortName>
							<Path>SFX\idesat2a_deploy_E4E92DBC.wem</Path>
						</File>
					</IncludedMemoryFiles>
				</Event>
				<Event Id="2226781994" Name="Play_Desolator_Deploy_High" ObjectPath="\Events\Default Work Unit\Desolator\Play_Desolator_Deploy_High">
					<IncludedMemoryFiles>
						<File Id="1036548716" Language="SFX">
							<ShortName>idesat2a_deploy_high.wav</ShortName>
							<Path>SFX\idesat2a_deploy_high_E4E92DBC.wem</Path>
						</File>
					</IncludedMemoryFiles>
				</Event>
				<Event Id="3639039798" Name="Play_Desolator_Voiceline" ObjectPath="\Events\Default Work Unit\Desolator\VoiceLInes\Play_Desolator_Voiceline">
					<IncludedMemoryFiles>
						<File Id="115648114" Language="SFX">
							<ShortName>idesmoa.wav</ShortName>
							<Path>SFX\idesmoa_E4E92DBC.wem</Path>
						</File>
						<File Id="128018462" Language="SFX">
							<ShortName>idessed.wav</ShortName>
							<Path>SFX\idessed_E4E92DBC.wem</Path>
						</File>
						<File Id="189152507" Language="SFX">
							<ShortName>idesmoc.wav</ShortName>
							<Path>SFX\idesmoc_E4E92DBC.wem</Path>
						</File>
						<File Id="236680481" Language="SFX">
							<ShortName>idesseb.wav</ShortName>
							<Path>SFX\idesseb_E4E92DBC.wem</Path>
						</File>
						<File Id="405467073" Language="SFX">
							<ShortName>idessee.wav</ShortName>
							<Path>SFX\idessee_E4E92DBC.wem</Path>
						</File>
						<File Id="517536459" Language="SFX">
							<ShortName>idesata.wav</ShortName>
							<Path>SFX\idesata_E4E92DBC.wem</Path>
						</File>
						<File Id="546244822" Language="SFX">
							<ShortName>idesmod.wav</ShortName>
							<Path>SFX\idesmod_E4E92DBC.wem</Path>
						</File>
						<File Id="690250939" Language="SFX">
							<ShortName>idessec.wav</ShortName>
							<Path>SFX\idessec_E4E92DBC.wem</Path>
						</File>
						<File Id="733573731" Language="SFX">
							<ShortName>idesate.wav</ShortName>
							<Path>SFX\idesate_E4E92DBC.wem</Path>
						</File>
						<File Id="747499958" Language="SFX">
							<ShortName>idessea.wav</ShortName>
							<Path>SFX\idessea_E4E92DBC.wem</Path>
						</File>
						<File Id="785716805" Language="SFX">
							<ShortName>idesatb.wav</ShortName>
							<Path>SFX\idesatb_E4E92DBC.wem</Path>
						</File>
						<File Id="978550594" Language="SFX">
							<ShortName>idesatd.wav</ShortName>
							<Path>SFX\idesatd_E4E92DBC.wem</Path>
						</File>
						<File Id="982396180" Language="SFX">
							<ShortName>idesmoe.wav</ShortName>
							<Path>SFX\idesmoe_E4E92DBC.wem</Path>
						</File>
						<File Id="1004977995" Language="SFX">
							<ShortName>idesatf.wav</ShortName>
							<Path>SFX\idesatf_E4E92DBC.wem</Path>
						</File>
						<File Id="1067532979" Language="SFX">
							<ShortName>idesatc.wav</ShortName>
							<Path>SFX\idesatc_E4E92DBC.wem</Path>
						</File>
					</IncludedMemoryFiles>
				</Event>
				<Event Id="3529153877" Name="Play_Desolator_Voiceline_Attack" ObjectPath="\Events\Default Work Unit\Desolator\VoiceLInes\Play_Desolator_Voiceline_Attack">
					<IncludedMemoryFiles>
						<File Id="517536459" Language="SFX">
							<ShortName>idesata.wav</ShortName>
							<Path>SFX\idesata_E4E92DBC.wem</Path>
						</File>
						<File Id="733573731" Language="SFX">
							<ShortName>idesate.wav</ShortName>
							<Path>SFX\idesate_E4E92DBC.wem</Path>
						</File>
						<File Id="785716805" Language="SFX">
							<ShortName>idesatb.wav</ShortName>
							<Path>SFX\idesatb_E4E92DBC.wem</Path>
						</File>
						<File Id="978550594" Language="SFX">
							<ShortName>idesatd.wav</ShortName>
							<Path>SFX\idesatd_E4E92DBC.wem</Path>
						</File>
						<File Id="1004977995" Language="SFX">
							<ShortName>idesatf.wav</ShortName>
							<Path>SFX\idesatf_E4E92DBC.wem</Path>
						</File>
						<File Id="1067532979" Language="SFX">
							<ShortName>idesatc.wav</ShortName>
							<Path>SFX\idesatc_E4E92DBC.wem</Path>
						</File>
					</IncludedMemoryFiles>
				</Event>
				<Event Id="4001788415" Name="Play_Desolator_Voiceline_Driver" ObjectPath="\Events\Default Work Unit\Desolator\VoiceLInes\Play_Desolator_Voiceline_Driver">
					<IncludedMemoryFiles>
						<File Id="189152507" Language="SFX">
							<ShortName>idesmoc.wav</ShortName>
							<Path>SFX\idesmoc_E4E92DBC.wem</Path>
						</File>
						<File Id="236680481" Language="SFX">
							<ShortName>idesseb.wav</ShortName>
							<Path>SFX\idesseb_E4E92DBC.wem</Path>
						</File>
					</IncludedMemoryFiles>
				</Event>
				<Event Id="4089215562" Name="Play_Desolator_Voiceline_Move" ObjectPath="\Events\Default Work Unit\Desolator\VoiceLInes\Play_Desolator_Voiceline_Move">
					<IncludedMemoryFiles>
						<File Id="115648114" Language="SFX">
							<ShortName>idesmoa.wav</ShortName>
							<Path>SFX\idesmoa_E4E92DBC.wem</Path>
						</File>
						<File Id="189152507" Language="SFX">
							<ShortName>idesmoc.wav</ShortName>
							<Path>SFX\idesmoc_E4E92DBC.wem</Path>
						</File>
						<File Id="546244822" Language="SFX">
							<ShortName>idesmod.wav</ShortName>
							<Path>SFX\idesmod_E4E92DBC.wem</Path>
						</File>
						<File Id="982396180" Language="SFX">
							<ShortName>idesmoe.wav</ShortName>
							<Path>SFX\idesmoe_E4E92DBC.wem</Path>
						</File>
					</IncludedMemoryFiles>
				</Event>
				<Event Id="297699005" Name="Play_Desolator_Voiceline_Select" ObjectPath="\Events\Default Work Unit\Desolator\VoiceLInes\Play_Desolator_Voiceline_Select">
					<IncludedMemoryFiles>
						<File Id="128018462" Language="SFX">
							<ShortName>idessed.wav</ShortName>
							<Path>SFX\idessed_E4E92DBC.wem</Path>
						</File>
						<File Id="236680481" Language="SFX">
							<ShortName>idesseb.wav</ShortName>
							<Path>SFX\idesseb_E4E92DBC.wem</Path>
						</File>
						<File Id="405467073" Language="SFX">
							<ShortName>idessee.wav</ShortName>
							<Path>SFX\idessee_E4E92DBC.wem</Path>
						</File>
						<File Id="690250939" Language="SFX">
							<ShortName>idessec.wav</ShortName>
							<Path>SFX\idessec_E4E92DBC.wem</Path>
						</File>
						<File Id="747499958" Language="SFX">
							<ShortName>idessea.wav</ShortName>
							<Path>SFX\idessea_E4E92DBC.wem</Path>
						</File>
					</IncludedMemoryFiles>
				</Event>
				<Event Id="2629531946" Name="Play_GGIBarricade" ObjectPath="\Events\Default Work Unit\GI\Play_GGIBarricade">
					<IncludedMemoryFiles>
						<File Id="847390614" Language="SFX">
							<ShortName>GGIBarricade.wav</ShortName>
							<Path>SFX\GGIBarricade_E4E92DBC.wem</Path>
						</File>
					</IncludedMemoryFiles>
				</Event>
				<Event Id="1861927239" Name="Play_GI_Voiceline" ObjectPath="\Events\Default Work Unit\GI\VoiceLines\Play_GI_Voiceline">
					<IncludedMemoryFiles>
						<File Id="23844364" Language="SFX">
							<ShortName>igimoe.wav</ShortName>
							<Path>SFX\igimoe_E4E92DBC.wem</Path>
						</File>
						<File Id="94459984" Language="SFX">
							<ShortName>igiatf.wav</ShortName>
							<Path>SFX\igiatf_E4E92DBC.wem</Path>
						</File>
						<File Id="140147118" Language="SFX">
							<ShortName>igimod.wav</ShortName>
							<Path>SFX\igimod_E4E92DBC.wem</Path>
						</File>
						<File Id="194251310" Language="SFX">
							<ShortName>igiatd.wav</ShortName>
							<Path>SFX\igiatd_E4E92DBC.wem</Path>
						</File>
						<File Id="201379143" Language="SFX">
							<ShortName>igimof.wav</ShortName>
							<Path>SFX\igimof_E4E92DBC.wem</Path>
						</File>
						<File Id="248182755" Language="SFX">
							<ShortName>igiatb.wav</ShortName>
							<Path>SFX\igiatb_E4E92DBC.wem</Path>
						</File>
						<File Id="493949410" Language="SFX">
							<ShortName>igisef.wav</ShortName>
							<Path>SFX\igisef_E4E92DBC.wem</Path>
						</File>
						<File Id="537107677" Language="SFX">
							<ShortName>igiate.wav</ShortName>
							<Path>SFX\igiate_E4E92DBC.wem</Path>
						</File>
						<File Id="561778382" Language="SFX">
							<ShortName>igimoa.wav</ShortName>
							<Path>SFX\igimoa_E4E92DBC.wem</Path>
						</File>
						<File Id="580738995" Language="SFX">
							<ShortName>igiseb.wav</ShortName>
							<Path>SFX\igiseb_E4E92DBC.wem</Path>
						</File>
						<File Id="604394593" Language="SFX">
							<ShortName>igised.wav</ShortName>
							<Path>SFX\igised_E4E92DBC.wem</Path>
						</File>
						<File Id="720532510" Language="SFX">
							<ShortName>igiata.wav</ShortName>
							<Path>SFX\igiata_E4E92DBC.wem</Path>
						</File>
						<File Id="721398574" Language="SFX">
							<ShortName>igimoc.wav</ShortName>
							<Path>SFX\igimoc_E4E92DBC.wem</Path>
						</File>
						<File Id="854607531" Language="SFX">
							<ShortName>igisea.wav</ShortName>
							<Path>SFX\igisea_E4E92DBC.wem</Path>
						</File>
						<File Id="873790695" Language="SFX">
							<ShortName>igimob.wav</ShortName>
							<Path>SFX\igimob_E4E92DBC.wem</Path>
						</File>
						<File Id="908225389" Language="SFX">
							<ShortName>igiatc.wav</ShortName>
							<Path>SFX\igiatc_E4E92DBC.wem</Path>
						</File>
						<File Id="923161941" Language="SFX">
							<ShortName>igisee.wav</ShortName>
							<Path>SFX\igisee_E4E92DBC.wem</Path>
						</File>
						<File Id="1058430212" Language="SFX">
							<ShortName>igisec.wav</ShortName>
							<Path>SFX\igisec_E4E92DBC.wem</Path>
						</File>
					</IncludedMemoryFiles>
				</Event>
				<Event Id="2197755822" Name="Play_GI_Voiceline_Attack" ObjectPath="\Events\Default Work Unit\GI\VoiceLines\Play_GI_Voiceline_Attack">
					<IncludedMemoryFiles>
						<File Id="94459984" Language="SFX">
							<ShortName>igiatf.wav</ShortName>
							<Path>SFX\igiatf_E4E92DBC.wem</Path>
						</File>
						<File Id="194251310" Language="SFX">
							<ShortName>igiatd.wav</ShortName>
							<Path>SFX\igiatd_E4E92DBC.wem</Path>
						</File>
						<File Id="248182755" Language="SFX">
							<ShortName>igiatb.wav</ShortName>
							<Path>SFX\igiatb_E4E92DBC.wem</Path>
						</File>
						<File Id="537107677" Language="SFX">
							<ShortName>igiate.wav</ShortName>
							<Path>SFX\igiate_E4E92DBC.wem</Path>
						</File>
						<File Id="720532510" Language="SFX">
							<ShortName>igiata.wav</ShortName>
							<Path>SFX\igiata_E4E92DBC.wem</Path>
						</File>
						<File Id="908225389" Language="SFX">
							<ShortName>igiatc.wav</ShortName>
							<Path>SFX\igiatc_E4E92DBC.wem</Path>
						</File>
					</IncludedMemoryFiles>
				</Event>
				<Event Id="1586633328" Name="Play_GI_Voiceline_Driver" ObjectPath="\Events\Default Work Unit\GI\VoiceLines\Play_GI_Voiceline_Driver">
					<IncludedMemoryFiles>
						<File Id="580738995" Language="SFX">
							<ShortName>igiseb.wav</ShortName>
							<Path>SFX\igiseb_E4E92DBC.wem</Path>
						</File>
						<File Id="923161941" Language="SFX">
							<ShortName>igisee.wav</ShortName>
							<Path>SFX\igisee_E4E92DBC.wem</Path>
						</File>
					</IncludedMemoryFiles>
				</Event>
				<Event Id="3529032857" Name="Play_GI_Voiceline_Move" ObjectPath="\Events\Default Work Unit\GI\VoiceLines\Play_GI_Voiceline_Move">
					<IncludedMemoryFiles>
						<File Id="23844364" Language="SFX">
							<ShortName>igimoe.wav</ShortName>
							<Path>SFX\igimoe_E4E92DBC.wem</Path>
						</File>
						<File Id="140147118" Language="SFX">
							<ShortName>igimod.wav</ShortName>
							<Path>SFX\igimod_E4E92DBC.wem</Path>
						</File>
						<File Id="201379143" Language="SFX">
							<ShortName>igimof.wav</ShortName>
							<Path>SFX\igimof_E4E92DBC.wem</Path>
						</File>
						<File Id="561778382" Language="SFX">
							<ShortName>igimoa.wav</ShortName>
							<Path>SFX\igimoa_E4E92DBC.wem</Path>
						</File>
						<File Id="721398574" Language="SFX">
							<ShortName>igimoc.wav</ShortName>
							<Path>SFX\igimoc_E4E92DBC.wem</Path>
						</File>
						<File Id="873790695" Language="SFX">
							<ShortName>igimob.wav</ShortName>
							<Path>SFX\igimob_E4E92DBC.wem</Path>
						</File>
					</IncludedMemoryFiles>
				</Event>
				<Event Id="3515846258" Name="Play_GI_Voiceline_Select" ObjectPath="\Events\Default Work Unit\GI\VoiceLines\Play_GI_Voiceline_Select">
					<IncludedMemoryFiles>
						<File Id="493949410" Language="SFX">
							<ShortName>igisef.wav</ShortName>
							<Path>SFX\igisef_E4E92DBC.wem</Path>
						</File>
						<File Id="580738995" Language="SFX">
							<ShortName>igiseb.wav</ShortName>
							<Path>SFX\igiseb_E4E92DBC.wem</Path>
						</File>
						<File Id="604394593" Language="SFX">
							<ShortName>igised.wav</ShortName>
							<Path>SFX\igised_E4E92DBC.wem</Path>
						</File>
						<File Id="854607531" Language="SFX">
							<ShortName>igisea.wav</ShortName>
							<Path>SFX\igisea_E4E92DBC.wem</Path>
						</File>
						<File Id="923161941" Language="SFX">
							<ShortName>igisee.wav</ShortName>
							<Path>SFX\igisee_E4E92DBC.wem</Path>
						</File>
						<File Id="1058430212" Language="SFX">
							<ShortName>igisec.wav</ShortName>
							<Path>SFX\igisec_E4E92DBC.wem</Path>
						</File>
					</IncludedMemoryFiles>
				</Event>
				<Event Id="2060067683" Name="Play_GIBarricade" ObjectPath="\Events\Default Work Unit\GI\Play_GIBarricade">
					<IncludedMemoryFiles>
						<File Id="92561902" Language="SFX">
							<ShortName>giBarricade1.wav</ShortName>
							<Path>SFX\giBarricade1_E4E92DBC.wem</Path>
						</File>
						<File Id="530998985" Language="SFX">
							<ShortName>giBarricade2.wav</ShortName>
							<Path>SFX\giBarricade2_E4E92DBC.wem</Path>
						</File>
					</IncludedMemoryFiles>
				</Event>
				<Event Id="2037958459" Name="Play_GIShoot2Single" ObjectPath="\Events\Default Work Unit\GI\Play_GIShoot2Single">
					<IncludedMemoryFiles>
						<File Id="840080710" Language="SFX">
							<ShortName>giShoot2Single.wav</ShortName>
							<Path>SFX\giShoot2Single_E4E92DBC.wem</Path>
						</File>
					</IncludedMemoryFiles>
				</Event>
				<Event Id="3591984987" Name="Play_GIShootSingle" ObjectPath="\Events\Default Work Unit\GI\Play_GIShootSingle">
					<IncludedMemoryFiles>
						<File Id="225617152" Language="SFX">
							<ShortName>giShootSingle.wav</ShortName>
							<Path>SFX\giShootSingle_E4E92DBC.wem</Path>
						</File>
					</IncludedMemoryFiles>
				</Event>
				<Event Id="2922392165" Name="Play_GuardienGIMissile" ObjectPath="\Events\Default Work Unit\GI\Play_GuardienGIMissile">
					<IncludedMemoryFiles>
						<File Id="619307076" Language="SFX">
							<ShortName>GGIMissile2.wav</ShortName>
							<Path>SFX\GGIMissile2_E4E92DBC.wem</Path>
						</File>
						<File Id="713073984" Language="SFX">
							<ShortName>GGIMissle1.wav</ShortName>
							<Path>SFX\GGIMissle1_E4E92DBC.wem</Path>
						</File>
					</IncludedMemoryFiles>
				</Event>
				<Event Id="1322497823" Name="Play_itesatta" ObjectPath="\Events\Default Work Unit\Trooper\Play_itesatta">
					<IncludedMemoryFiles>
						<File Id="645019309" Language="SFX">
							<ShortName>itesatta_01.wav</ShortName>
							<Path>SFX\itesatta_01_E4E92DBC.wem</Path>
						</File>
					</IncludedMemoryFiles>
				</Event>
				<Event Id="2203846796" Name="Play_IvanBombLoop" ObjectPath="\Events\Default Work Unit\Chrono\Play_IvanBombLoop">
					<IncludedMemoryFiles>
						<File Id="344299080" Language="SFX">
							<ShortName>IvanBombLoop.wav</ShortName>
							<Path>SFX\IvanBombLoop_72F6E016.wem</Path>
						</File>
					</IncludedMemoryFiles>
				</Event>
				<Event Id="2863448890" Name="Play_IvanBombStart" ObjectPath="\Events\Default Work Unit\Chrono\Play_IvanBombStart">
					<IncludedMemoryFiles>
						<File Id="310991816" Language="SFX">
							<ShortName>IvanBombStart.wav</ShortName>
							<Path>SFX\IvanBombStart_E4E92DBC.wem</Path>
						</File>
					</IncludedMemoryFiles>
				</Event>
				<Event Id="4121189869" Name="Play_PatriotMissile" ObjectPath="\Events\Default Work Unit\GI\Play_PatriotMissile">
					<IncludedMemoryFiles>
						<File Id="1007270979" Language="SFX">
							<ShortName>PatriotMissile.wav</ShortName>
							<Path>SFX\PatriotMissile_E4E92DBC.wem</Path>
						</File>
					</IncludedMemoryFiles>
				</Event>
				<Event Id="3679990596" Name="Play_PatriotMissileInstant" ObjectPath="\Events\Default Work Unit\GI\Play_PatriotMissileInstant">
					<IncludedMemoryFiles>
						<File Id="667652248" Language="SFX">
							<ShortName>PatriotMissileInstant.wav</ShortName>
							<Path>SFX\PatriotMissileInstant_E4E92DBC.wem</Path>
						</File>
					</IncludedMemoryFiles>
				</Event>
				<Event Id="2511564399" Name="Play_prism_bpriat1a_prism_tower_attack" ObjectPath="\Events\Default Work Unit\Trooper\Play_prism_bpriat1a_prism_tower_attack">
					<IncludedMemoryFiles>
						<File Id="872893787" Language="SFX">
							<ShortName>prism_bpriat1a prism tower attack_01.wav</ShortName>
							<Path>SFX\prism_bpriat1a prism tower attack_01_A0997E7C.wem</Path>
						</File>
					</IncludedMemoryFiles>
				</Event>
				<Event Id="2917278429" Name="Play_prism_bpripow_prism_tower_prep" ObjectPath="\Events\Default Work Unit\Trooper\Play_prism_bpripow_prism_tower_prep">
					<IncludedMemoryFiles>
						<File Id="837907739" Language="SFX">
							<ShortName>prism_bpripow prism tower prep_01.wav</ShortName>
							<Path>SFX\prism_bpripow prism tower prep_01_A0997E7C.wem</Path>
						</File>
					</IncludedMemoryFiles>
				</Event>
				<Event Id="1440036147" Name="Play_prism_vpriatta_prism_tank_attack" ObjectPath="\Events\Default Work Unit\Trooper\Play_prism_vpriatta_prism_tank_attack">
					<IncludedMemoryFiles>
						<File Id="234033318" Language="SFX">
							<ShortName>prism_vpriatta prism tank attack_01.wav</ShortName>
							<Path>SFX\prism_vpriatta prism tank attack_01_A0997E7C.wem</Path>
						</File>
					</IncludedMemoryFiles>
				</Event>
				<Event Id="3801307946" Name="Play_PunchWoosh" ObjectPath="\Events\Default Work Unit\Trooper\Play_PunchWoosh">
					<IncludedMemoryFiles>
						<File Id="672013062" Language="SFX">
							<ShortName>PunchWoosh.wav</ShortName>
							<Path>SFX\PunchWoosh_E4E92DBC.wem</Path>
						</File>
					</IncludedMemoryFiles>
				</Event>
				<Event Id="3623387948" Name="Play_PunchWoosh2" ObjectPath="\Events\Default Work Unit\Trooper\Play_PunchWoosh2">
					<IncludedMemoryFiles>
						<File Id="508125946" Language="SFX">
							<ShortName>PunchWoosh2.wav</ShortName>
							<Path>SFX\PunchWoosh2_E4E92DBC.wem</Path>
						</File>
					</IncludedMemoryFiles>
				</Event>
				<Event Id="3713853527" Name="Play_tank_vtesatta_tesla_tank_attack" ObjectPath="\Events\Default Work Unit\Trooper\Play_tank_vtesatta_tesla_tank_attack">
					<IncludedMemoryFiles>
						<File Id="647934280" Language="SFX">
							<ShortName>tank_vtesatta tesla tank attack_01.wav</ShortName>
							<Path>SFX\tank_vtesatta tesla tank attack_01_A0997E7C.wem</Path>
						</File>
					</IncludedMemoryFiles>
				</Event>
				<Event Id="1757247588" Name="Play_tank_vtesattb_tesla_tank_attack" ObjectPath="\Events\Default Work Unit\Trooper\Play_tank_vtesattb_tesla_tank_attack">
					<IncludedMemoryFiles>
						<File Id="805480428" Language="SFX">
							<ShortName>tank_vtesattb tesla tank attack_01.wav</ShortName>
							<Path>SFX\tank_vtesattb tesla tank attack_01_A0997E7C.wem</Path>
						</File>
					</IncludedMemoryFiles>
				</Event>
				<Event Id="1266674626" Name="Play_Tesla_Lobby" ObjectPath="\Events\Default Work Unit\Trooper\Play_Tesla_Lobby">
					<IncludedMemoryFiles>
						<File Id="419643387" Language="SFX">
							<ShortName>iteschaa.wav</ShortName>
							<Path>SFX\iteschaa_A0997E7C.wem</Path>
						</File>
					</IncludedMemoryFiles>
				</Event>
				<Event Id="3236757475" Name="Play_TeslaChargingComplete" ObjectPath="\Events\Default Work Unit\Trooper\Play_TeslaChargingComplete">
					<IncludedMemoryFiles>
						<File Id="560140764" Language="SFX">
							<ShortName>TeslaChargingComplete.wav</ShortName>
							<Path>SFX\TeslaChargingComplete_E4E92DBC.wem</Path>
						</File>
					</IncludedMemoryFiles>
				</Event>
				<Event Id="1631247312" Name="Play_TeslaChargingLoop" ObjectPath="\Events\Default Work Unit\Trooper\Play_TeslaChargingLoop">
					<IncludedMemoryFiles>
						<File Id="986849801" Language="SFX">
							<ShortName>TeslaChargingLoop.wav</ShortName>
							<Path>SFX\TeslaChargingLoop_72F6E016.wem</Path>
						</File>
					</IncludedMemoryFiles>
				</Event>
				<Event Id="4027706132" Name="Play_TeslaChargingLoopHigh" ObjectPath="\Events\Default Work Unit\Trooper\Play_TeslaChargingLoopHigh">
					<IncludedMemoryFiles>
						<File Id="986849801" Language="SFX">
							<ShortName>TeslaChargingLoop.wav</ShortName>
							<Path>SFX\TeslaChargingLoop_72F6E016.wem</Path>
						</File>
					</IncludedMemoryFiles>
				</Event>
				<Event Id="2532995509" Name="Play_TeslaChargingUp" ObjectPath="\Events\Default Work Unit\Trooper\Play_TeslaChargingUp">
					<IncludedMemoryFiles>
						<File Id="138340231" Language="SFX">
							<ShortName>TeslaChargingUp.wav</ShortName>
							<Path>SFX\TeslaChargingUp_E4E92DBC.wem</Path>
						</File>
					</IncludedMemoryFiles>
				</Event>
				<Event Id="2752957695" Name="Play_tower_bparatta_they_fucking_turned_eiffel_tower_to_a_tesla_tower" ObjectPath="\Events\Default Work Unit\Trooper\Play_tower_bparatta_they_fucking_turned_eiffel_tower_to_a_tesla_tower">
					<IncludedMemoryFiles>
						<File Id="283509260" Language="SFX">
							<ShortName>tower_bparatta they fucking turned eiffel tower to a tesla tower_01.wav</ShortName>
							<Path>SFX\tower_bparatta they fucking turned eiffel tower to a tesla tower_01_A0997E7C.wem</Path>
						</File>
					</IncludedMemoryFiles>
				</Event>
				<Event Id="1033377972" Name="Play_tower_btesat1a_tesla_tower_attack" ObjectPath="\Events\Default Work Unit\Trooper\Play_tower_btesat1a_tesla_tower_attack">
					<IncludedMemoryFiles>
						<File Id="594747931" Language="SFX">
							<ShortName>tower_btesat1a tesla tower attack_01.wav</ShortName>
							<Path>SFX\tower_btesat1a tesla tower attack_01_A0997E7C.wem</Path>
						</File>
					</IncludedMemoryFiles>
				</Event>
				<Event Id="3309842375" Name="Play_tower_btesat2a_tesla_tower_attack" ObjectPath="\Events\Default Work Unit\Trooper\Play_tower_btesat2a_tesla_tower_attack">
					<IncludedMemoryFiles>
						<File Id="915646748" Language="SFX">
							<ShortName>tower_btesat2a tesla tower attack_01.wav</ShortName>
							<Path>SFX\tower_btesat2a tesla tower attack_01_A0997E7C.wem</Path>
						</File>
					</IncludedMemoryFiles>
				</Event>
				<Event Id="3383083496" Name="Play_tower_btespow_tesla_tower_prep" ObjectPath="\Events\Default Work Unit\Trooper\Play_tower_btespow_tesla_tower_prep">
					<IncludedMemoryFiles>
						<File Id="638174944" Language="SFX">
							<ShortName>tower_btespow tesla tower prep_01.wav</ShortName>
							<Path>SFX\tower_btespow tesla tower prep_01_A0997E7C.wem</Path>
						</File>
					</IncludedMemoryFiles>
				</Event>
				<Event Id="1290256984" Name="Play_trooper_blink" ObjectPath="\Events\Default Work Unit\Trooper\Play_trooper_blink">
					<IncludedMemoryFiles>
						<File Id="993273243" Language="SFX">
							<ShortName>itesatta_02.wav</ShortName>
							<Path>SFX\itesatta_02_E4E92DBC.wem</Path>
						</File>
					</IncludedMemoryFiles>
				</Event>
				<Event Id="1571555280" Name="Play_trooper_itesat2a_tesla_trooper_attack" ObjectPath="\Events\Default Work Unit\Trooper\Play_trooper_itesat2a_tesla_trooper_attack">
					<IncludedMemoryFiles>
						<File Id="987186596" Language="SFX">
							<ShortName>trooper_itesat2a tesla trooper attack_01.wav</ShortName>
							<Path>SFX\trooper_itesat2a tesla trooper attack_01_A0997E7C.wem</Path>
						</File>
					</IncludedMemoryFiles>
				</Event>
				<Event Id="3681068577" Name="Play_trooper_itesat2b_tesla_trooper_attack" ObjectPath="\Events\Default Work Unit\Trooper\Play_trooper_itesat2b_tesla_trooper_attack">
					<IncludedMemoryFiles>
						<File Id="44427184" Language="SFX">
							<ShortName>trooper_itesat2b tesla trooper attack_01.wav</ShortName>
							<Path>SFX\trooper_itesat2b tesla trooper attack_01_A0997E7C.wem</Path>
						</File>
					</IncludedMemoryFiles>
				</Event>
				<Event Id="4029900149" Name="Play_Voice_Chrono_Attack_1" ObjectPath="\Events\Default Work Unit\Chrono\VoiceLines\Play_Voice_Chrono_Attack_1">
					<IncludedMemoryFiles>
						<File Id="639601747" Language="SFX">
							<ShortName>ichrata.wav</ShortName>
							<Path>SFX\ichrata_E4E92DBC.wem</Path>
						</File>
					</IncludedMemoryFiles>
				</Event>
				<Event Id="4029900150" Name="Play_Voice_Chrono_Attack_2" ObjectPath="\Events\Default Work Unit\Chrono\VoiceLines\Play_Voice_Chrono_Attack_2">
					<IncludedMemoryFiles>
						<File Id="543988347" Language="SFX">
							<ShortName>ichratb.wav</ShortName>
							<Path>SFX\ichratb_E4E92DBC.wem</Path>
						</File>
					</IncludedMemoryFiles>
				</Event>
				<Event Id="4029900151" Name="Play_Voice_Chrono_Attack_3" ObjectPath="\Events\Default Work Unit\Chrono\VoiceLines\Play_Voice_Chrono_Attack_3">
					<IncludedMemoryFiles>
						<File Id="779035894" Language="SFX">
							<ShortName>ichratc.wav</ShortName>
							<Path>SFX\ichratc_E4E92DBC.wem</Path>
						</File>
					</IncludedMemoryFiles>
				</Event>
				<Event Id="4029900144" Name="Play_Voice_Chrono_Attack_4" ObjectPath="\Events\Default Work Unit\Chrono\VoiceLines\Play_Voice_Chrono_Attack_4">
					<IncludedMemoryFiles>
						<File Id="916643002" Language="SFX">
							<ShortName>ichratd.wav</ShortName>
							<Path>SFX\ichratd_E4E92DBC.wem</Path>
						</File>
					</IncludedMemoryFiles>
				</Event>
				<Event Id="1297748902" Name="Play_Voice_Chrono_Move_1" ObjectPath="\Events\Default Work Unit\Chrono\VoiceLines\Play_Voice_Chrono_Move_1">
					<IncludedMemoryFiles>
						<File Id="597877348" Language="SFX">
							<ShortName>ichrsea.wav</ShortName>
							<Path>SFX\ichrsea_E4E92DBC.wem</Path>
						</File>
					</IncludedMemoryFiles>
				</Event>
				<Event Id="1297748901" Name="Play_Voice_Chrono_Move_2" ObjectPath="\Events\Default Work Unit\Chrono\VoiceLines\Play_Voice_Chrono_Move_2">
					<IncludedMemoryFiles>
						<File Id="23059952" Language="SFX">
							<ShortName>ichrseb.wav</ShortName>
							<Path>SFX\ichrseb_E4E92DBC.wem</Path>
						</File>
					</IncludedMemoryFiles>
				</Event>
				<Event Id="1297748900" Name="Play_Voice_Chrono_Move_3" ObjectPath="\Events\Default Work Unit\Chrono\VoiceLines\Play_Voice_Chrono_Move_3">
					<IncludedMemoryFiles>
						<File Id="854012660" Language="SFX">
							<ShortName>ichrsec.wav</ShortName>
							<Path>SFX\ichrsec_E4E92DBC.wem</Path>
						</File>
					</IncludedMemoryFiles>
				</Event>
				<Event Id="1297748899" Name="Play_Voice_Chrono_Move_4" ObjectPath="\Events\Default Work Unit\Chrono\VoiceLines\Play_Voice_Chrono_Move_4">
					<IncludedMemoryFiles>
						<File Id="80822542" Language="SFX">
							<ShortName>ichrsed.wav</ShortName>
							<Path>SFX\ichrsed_E4E92DBC.wem</Path>
						</File>
					</IncludedMemoryFiles>
				</Event>
				<Event Id="1297748898" Name="Play_Voice_Chrono_Move_5" ObjectPath="\Events\Default Work Unit\Chrono\VoiceLines\Play_Voice_Chrono_Move_5">
					<IncludedMemoryFiles>
						<File Id="198197094" Language="SFX">
							<ShortName>ichrsee.wav</ShortName>
							<Path>SFX\ichrsee_E4E92DBC.wem</Path>
						</File>
					</IncludedMemoryFiles>
				</Event>
				<Event Id="772566733" Name="Play_Voice_Chrono_Select_1" ObjectPath="\Events\Default Work Unit\Chrono\VoiceLines\Play_Voice_Chrono_Select_1">
					<IncludedMemoryFiles>
						<File Id="597877348" Language="SFX">
							<ShortName>ichrsea.wav</ShortName>
							<Path>SFX\ichrsea_E4E92DBC.wem</Path>
						</File>
					</IncludedMemoryFiles>
				</Event>
				<Event Id="772566734" Name="Play_Voice_Chrono_Select_2" ObjectPath="\Events\Default Work Unit\Chrono\VoiceLines\Play_Voice_Chrono_Select_2">
					<IncludedMemoryFiles>
						<File Id="23059952" Language="SFX">
							<ShortName>ichrseb.wav</ShortName>
							<Path>SFX\ichrseb_E4E92DBC.wem</Path>
						</File>
					</IncludedMemoryFiles>
				</Event>
				<Event Id="772566735" Name="Play_Voice_Chrono_Select_3" ObjectPath="\Events\Default Work Unit\Chrono\VoiceLines\Play_Voice_Chrono_Select_3">
					<IncludedMemoryFiles>
						<File Id="854012660" Language="SFX">
							<ShortName>ichrsec.wav</ShortName>
							<Path>SFX\ichrsec_E4E92DBC.wem</Path>
						</File>
					</IncludedMemoryFiles>
				</Event>
				<Event Id="772566728" Name="Play_Voice_Chrono_Select_4" ObjectPath="\Events\Default Work Unit\Chrono\VoiceLines\Play_Voice_Chrono_Select_4">
					<IncludedMemoryFiles>
						<File Id="80822542" Language="SFX">
							<ShortName>ichrsed.wav</ShortName>
							<Path>SFX\ichrsed_E4E92DBC.wem</Path>
						</File>
					</IncludedMemoryFiles>
				</Event>
				<Event Id="772566729" Name="Play_Voice_Chrono_Select_5" ObjectPath="\Events\Default Work Unit\Chrono\VoiceLines\Play_Voice_Chrono_Select_5">
					<IncludedMemoryFiles>
						<File Id="198197094" Language="SFX">
							<ShortName>ichrsee.wav</ShortName>
							<Path>SFX\ichrsee_E4E92DBC.wem</Path>
						</File>
					</IncludedMemoryFiles>
				</Event>
				<Event Id="3458498715" Name="Play_Voice_Desolator_Attack_1" ObjectPath="\Events\Default Work Unit\Desolator\VoiceLInes\Play_Voice_Desolator_Attack_1">
					<IncludedMemoryFiles>
						<File Id="785716805" Language="SFX">
							<ShortName>idesatb.wav</ShortName>
							<Path>SFX\idesatb_E4E92DBC.wem</Path>
						</File>
					</IncludedMemoryFiles>
				</Event>
				<Event Id="3458498712" Name="Play_Voice_Desolator_Attack_2" ObjectPath="\Events\Default Work Unit\Desolator\VoiceLInes\Play_Voice_Desolator_Attack_2">
					<IncludedMemoryFiles>
						<File Id="1067532979" Language="SFX">
							<ShortName>idesatc.wav</ShortName>
							<Path>SFX\idesatc_E4E92DBC.wem</Path>
						</File>
					</IncludedMemoryFiles>
				</Event>
				<Event Id="3458498713" Name="Play_Voice_Desolator_Attack_3" ObjectPath="\Events\Default Work Unit\Desolator\VoiceLInes\Play_Voice_Desolator_Attack_3">
					<IncludedMemoryFiles>
						<File Id="978550594" Language="SFX">
							<ShortName>idesatd.wav</ShortName>
							<Path>SFX\idesatd_E4E92DBC.wem</Path>
						</File>
					</IncludedMemoryFiles>
				</Event>
				<Event Id="3458498718" Name="Play_Voice_Desolator_Attack_4" ObjectPath="\Events\Default Work Unit\Desolator\VoiceLInes\Play_Voice_Desolator_Attack_4">
					<IncludedMemoryFiles>
						<File Id="733573731" Language="SFX">
							<ShortName>idesate.wav</ShortName>
							<Path>SFX\idesate_E4E92DBC.wem</Path>
						</File>
					</IncludedMemoryFiles>
				</Event>
				<Event Id="3458498719" Name="Play_Voice_Desolator_Attack_5" ObjectPath="\Events\Default Work Unit\Desolator\VoiceLInes\Play_Voice_Desolator_Attack_5">
					<IncludedMemoryFiles>
						<File Id="1004977995" Language="SFX">
							<ShortName>idesatf.wav</ShortName>
							<Path>SFX\idesatf_E4E92DBC.wem</Path>
						</File>
					</IncludedMemoryFiles>
				</Event>
				<Event Id="3458498716" Name="Play_Voice_Desolator_Attack_6" ObjectPath="\Events\Default Work Unit\Desolator\VoiceLInes\Play_Voice_Desolator_Attack_6">
					<IncludedMemoryFiles>
						<File Id="517536459" Language="SFX">
							<ShortName>idesata.wav</ShortName>
							<Path>SFX\idesata_E4E92DBC.wem</Path>
						</File>
					</IncludedMemoryFiles>
				</Event>
				<Event Id="3746930884" Name="Play_Voice_Desolator_Move_1" ObjectPath="\Events\Default Work Unit\Desolator\VoiceLInes\Play_Voice_Desolator_Move_1">
					<IncludedMemoryFiles>
						<File Id="115648114" Language="SFX">
							<ShortName>idesmoa.wav</ShortName>
							<Path>SFX\idesmoa_E4E92DBC.wem</Path>
						</File>
					</IncludedMemoryFiles>
				</Event>
				<Event Id="3746930887" Name="Play_Voice_Desolator_Move_2" ObjectPath="\Events\Default Work Unit\Desolator\VoiceLInes\Play_Voice_Desolator_Move_2">
					<IncludedMemoryFiles>
						<File Id="189152507" Language="SFX">
							<ShortName>idesmoc.wav</ShortName>
							<Path>SFX\idesmoc_E4E92DBC.wem</Path>
						</File>
					</IncludedMemoryFiles>
				</Event>
				<Event Id="3746930886" Name="Play_Voice_Desolator_Move_3" ObjectPath="\Events\Default Work Unit\Desolator\VoiceLInes\Play_Voice_Desolator_Move_3">
					<IncludedMemoryFiles>
						<File Id="546244822" Language="SFX">
							<ShortName>idesmod.wav</ShortName>
							<Path>SFX\idesmod_E4E92DBC.wem</Path>
						</File>
					</IncludedMemoryFiles>
				</Event>
				<Event Id="3746930881" Name="Play_Voice_Desolator_Move_4" ObjectPath="\Events\Default Work Unit\Desolator\VoiceLInes\Play_Voice_Desolator_Move_4">
					<IncludedMemoryFiles>
						<File Id="982396180" Language="SFX">
							<ShortName>idesmoe.wav</ShortName>
							<Path>SFX\idesmoe_E4E92DBC.wem</Path>
						</File>
					</IncludedMemoryFiles>
				</Event>
				<Event Id="2794803067" Name="Play_Voice_Desolator_Select_1" ObjectPath="\Events\Default Work Unit\Desolator\VoiceLInes\Play_Voice_Desolator_Select_1">
					<IncludedMemoryFiles>
						<File Id="747499958" Language="SFX">
							<ShortName>idessea.wav</ShortName>
							<Path>SFX\idessea_E4E92DBC.wem</Path>
						</File>
					</IncludedMemoryFiles>
				</Event>
				<Event Id="2794803064" Name="Play_Voice_Desolator_Select_2" ObjectPath="\Events\Default Work Unit\Desolator\VoiceLInes\Play_Voice_Desolator_Select_2">
					<IncludedMemoryFiles>
						<File Id="236680481" Language="SFX">
							<ShortName>idesseb.wav</ShortName>
							<Path>SFX\idesseb_E4E92DBC.wem</Path>
						</File>
					</IncludedMemoryFiles>
				</Event>
				<Event Id="2794803065" Name="Play_Voice_Desolator_Select_3" ObjectPath="\Events\Default Work Unit\Desolator\VoiceLInes\Play_Voice_Desolator_Select_3">
					<IncludedMemoryFiles>
						<File Id="690250939" Language="SFX">
							<ShortName>idessec.wav</ShortName>
							<Path>SFX\idessec_E4E92DBC.wem</Path>
						</File>
					</IncludedMemoryFiles>
				</Event>
				<Event Id="2794803070" Name="Play_Voice_Desolator_Select_4" ObjectPath="\Events\Default Work Unit\Desolator\VoiceLInes\Play_Voice_Desolator_Select_4">
					<IncludedMemoryFiles>
						<File Id="128018462" Language="SFX">
							<ShortName>idessed.wav</ShortName>
							<Path>SFX\idessed_E4E92DBC.wem</Path>
						</File>
					</IncludedMemoryFiles>
				</Event>
				<Event Id="2794803071" Name="Play_Voice_Desolator_Select_5" ObjectPath="\Events\Default Work Unit\Desolator\VoiceLInes\Play_Voice_Desolator_Select_5">
					<IncludedMemoryFiles>
						<File Id="405467073" Language="SFX">
							<ShortName>idessee.wav</ShortName>
							<Path>SFX\idessee_E4E92DBC.wem</Path>
						</File>
					</IncludedMemoryFiles>
				</Event>
				<Event Id="4219291270" Name="Play_Voice_GI_Attack_1" ObjectPath="\Events\Default Work Unit\GI\VoiceLines\Play_Voice_GI_Attack_1">
					<IncludedMemoryFiles>
						<File Id="720532510" Language="SFX">
							<ShortName>igiata.wav</ShortName>
							<Path>SFX\igiata_E4E92DBC.wem</Path>
						</File>
					</IncludedMemoryFiles>
				</Event>
				<Event Id="4219291269" Name="Play_Voice_GI_Attack_2" ObjectPath="\Events\Default Work Unit\GI\VoiceLines\Play_Voice_GI_Attack_2">
					<IncludedMemoryFiles>
						<File Id="248182755" Language="SFX">
							<ShortName>igiatb.wav</ShortName>
							<Path>SFX\igiatb_E4E92DBC.wem</Path>
						</File>
					</IncludedMemoryFiles>
				</Event>
				<Event Id="4219291268" Name="Play_Voice_GI_Attack_3" ObjectPath="\Events\Default Work Unit\GI\VoiceLines\Play_Voice_GI_Attack_3">
					<IncludedMemoryFiles>
						<File Id="908225389" Language="SFX">
							<ShortName>igiatc.wav</ShortName>
							<Path>SFX\igiatc_E4E92DBC.wem</Path>
						</File>
					</IncludedMemoryFiles>
				</Event>
				<Event Id="4219291267" Name="Play_Voice_GI_Attack_4" ObjectPath="\Events\Default Work Unit\GI\VoiceLines\Play_Voice_GI_Attack_4">
					<IncludedMemoryFiles>
						<File Id="194251310" Language="SFX">
							<ShortName>igiatd.wav</ShortName>
							<Path>SFX\igiatd_E4E92DBC.wem</Path>
						</File>
					</IncludedMemoryFiles>
				</Event>
				<Event Id="4219291266" Name="Play_Voice_GI_Attack_5" ObjectPath="\Events\Default Work Unit\GI\VoiceLines\Play_Voice_GI_Attack_5">
					<IncludedMemoryFiles>
						<File Id="537107677" Language="SFX">
							<ShortName>igiate.wav</ShortName>
							<Path>SFX\igiate_E4E92DBC.wem</Path>
						</File>
					</IncludedMemoryFiles>
				</Event>
				<Event Id="4219291265" Name="Play_Voice_GI_Attack_6" ObjectPath="\Events\Default Work Unit\GI\VoiceLines\Play_Voice_GI_Attack_6">
					<IncludedMemoryFiles>
						<File Id="94459984" Language="SFX">
							<ShortName>igiatf.wav</ShortName>
							<Path>SFX\igiatf_E4E92DBC.wem</Path>
						</File>
					</IncludedMemoryFiles>
				</Event>
				<Event Id="1119406645" Name="Play_Voice_GI_Move_1" ObjectPath="\Events\Default Work Unit\GI\VoiceLines\Play_Voice_GI_Move_1">
					<IncludedMemoryFiles>
						<File Id="561778382" Language="SFX">
							<ShortName>igimoa.wav</ShortName>
							<Path>SFX\igimoa_E4E92DBC.wem</Path>
						</File>
					</IncludedMemoryFiles>
				</Event>
				<Event Id="1119406646" Name="Play_Voice_GI_Move_2" ObjectPath="\Events\Default Work Unit\GI\VoiceLines\Play_Voice_GI_Move_2">
					<IncludedMemoryFiles>
						<File Id="873790695" Language="SFX">
							<ShortName>igimob.wav</ShortName>
							<Path>SFX\igimob_E4E92DBC.wem</Path>
						</File>
					</IncludedMemoryFiles>
				</Event>
				<Event Id="1119406647" Name="Play_Voice_GI_Move_3" ObjectPath="\Events\Default Work Unit\GI\VoiceLines\Play_Voice_GI_Move_3">
					<IncludedMemoryFiles>
						<File Id="721398574" Language="SFX">
							<ShortName>igimoc.wav</ShortName>
							<Path>SFX\igimoc_E4E92DBC.wem</Path>
						</File>
					</IncludedMemoryFiles>
				</Event>
				<Event Id="1119406640" Name="Play_Voice_GI_Move_4" ObjectPath="\Events\Default Work Unit\GI\VoiceLines\Play_Voice_GI_Move_4">
					<IncludedMemoryFiles>
						<File Id="140147118" Language="SFX">
							<ShortName>igimod.wav</ShortName>
							<Path>SFX\igimod_E4E92DBC.wem</Path>
						</File>
					</IncludedMemoryFiles>
				</Event>
				<Event Id="1119406641" Name="Play_Voice_GI_Move_5" ObjectPath="\Events\Default Work Unit\GI\VoiceLines\Play_Voice_GI_Move_5">
					<IncludedMemoryFiles>
						<File Id="23844364" Language="SFX">
							<ShortName>igimoe.wav</ShortName>
							<Path>SFX\igimoe_E4E92DBC.wem</Path>
						</File>
					</IncludedMemoryFiles>
				</Event>
				<Event Id="1119406642" Name="Play_Voice_GI_Move_6" ObjectPath="\Events\Default Work Unit\GI\VoiceLines\Play_Voice_GI_Move_6">
					<IncludedMemoryFiles>
						<File Id="201379143" Language="SFX">
							<ShortName>igimof.wav</ShortName>
							<Path>SFX\igimof_E4E92DBC.wem</Path>
						</File>
					</IncludedMemoryFiles>
				</Event>
				<Event Id="1161415810" Name="Play_Voice_GI_Select_1" ObjectPath="\Events\Default Work Unit\GI\VoiceLines\Play_Voice_GI_Select_1">
					<IncludedMemoryFiles>
						<File Id="854607531" Language="SFX">
							<ShortName>igisea.wav</ShortName>
							<Path>SFX\igisea_E4E92DBC.wem</Path>
						</File>
					</IncludedMemoryFiles>
				</Event>
				<Event Id="1161415809" Name="Play_Voice_GI_Select_2" ObjectPath="\Events\Default Work Unit\GI\VoiceLines\Play_Voice_GI_Select_2">
					<IncludedMemoryFiles>
						<File Id="580738995" Language="SFX">
							<ShortName>igiseb.wav</ShortName>
							<Path>SFX\igiseb_E4E92DBC.wem</Path>
						</File>
					</IncludedMemoryFiles>
				</Event>
				<Event Id="1161415808" Name="Play_Voice_GI_Select_3" ObjectPath="\Events\Default Work Unit\GI\VoiceLines\Play_Voice_GI_Select_3">
					<IncludedMemoryFiles>
						<File Id="1058430212" Language="SFX">
							<ShortName>igisec.wav</ShortName>
							<Path>SFX\igisec_E4E92DBC.wem</Path>
						</File>
					</IncludedMemoryFiles>
				</Event>
				<Event Id="1161415815" Name="Play_Voice_GI_Select_4" ObjectPath="\Events\Default Work Unit\GI\VoiceLines\Play_Voice_GI_Select_4">
					<IncludedMemoryFiles>
						<File Id="604394593" Language="SFX">
							<ShortName>igised.wav</ShortName>
							<Path>SFX\igised_E4E92DBC.wem</Path>
						</File>
					</IncludedMemoryFiles>
				</Event>
				<Event Id="1161415814" Name="Play_Voice_GI_Select_5" ObjectPath="\Events\Default Work Unit\GI\VoiceLines\Play_Voice_GI_Select_5">
					<IncludedMemoryFiles>
						<File Id="923161941" Language="SFX">
							<ShortName>igisee.wav</ShortName>
							<Path>SFX\igisee_E4E92DBC.wem</Path>
						</File>
					</IncludedMemoryFiles>
				</Event>
				<Event Id="1161415813" Name="Play_Voice_GI_Select_6" ObjectPath="\Events\Default Work Unit\GI\VoiceLines\Play_Voice_GI_Select_6">
					<IncludedMemoryFiles>
						<File Id="493949410" Language="SFX">
							<ShortName>igisef.wav</ShortName>
							<Path>SFX\igisef_E4E92DBC.wem</Path>
						</File>
					</IncludedMemoryFiles>
				</Event>
				<Event Id="3980699267" Name="Play_Voice_Tesla_Attack_1" ObjectPath="\Events\Default Work Unit\Trooper\VoiceLines\Play_Voice_Tesla_Attack_1">
					<IncludedMemoryFiles>
						<File Id="702992641" Language="SFX">
							<ShortName>itesata_01.wav</ShortName>
							<Path>SFX\itesata_01_A0997E7C.wem</Path>
						</File>
					</IncludedMemoryFiles>
				</Event>
				<Event Id="3980699264" Name="Play_Voice_Tesla_Attack_2" ObjectPath="\Events\Default Work Unit\Trooper\VoiceLines\Play_Voice_Tesla_Attack_2">
					<IncludedMemoryFiles>
						<File Id="730375976" Language="SFX">
							<ShortName>itesatb_01.wav</ShortName>
							<Path>SFX\itesatb_01_A0997E7C.wem</Path>
						</File>
					</IncludedMemoryFiles>
				</Event>
				<Event Id="3980699265" Name="Play_Voice_Tesla_Attack_3" ObjectPath="\Events\Default Work Unit\Trooper\VoiceLines\Play_Voice_Tesla_Attack_3">
					<IncludedMemoryFiles>
						<File Id="894505461" Language="SFX">
							<ShortName>itesatc_01.wav</ShortName>
							<Path>SFX\itesatc_01_A0997E7C.wem</Path>
						</File>
					</IncludedMemoryFiles>
				</Event>
				<Event Id="3980699270" Name="Play_Voice_Tesla_Attack_4" ObjectPath="\Events\Default Work Unit\Trooper\VoiceLines\Play_Voice_Tesla_Attack_4">
					<IncludedMemoryFiles>
						<File Id="1068644922" Language="SFX">
							<ShortName>itesatd_01.wav</ShortName>
							<Path>SFX\itesatd_01_A0997E7C.wem</Path>
						</File>
					</IncludedMemoryFiles>
				</Event>
				<Event Id="3980699271" Name="Play_Voice_Tesla_Attack_5" ObjectPath="\Events\Default Work Unit\Trooper\VoiceLines\Play_Voice_Tesla_Attack_5">
					<IncludedMemoryFiles>
						<File Id="653401900" Language="SFX">
							<ShortName>itesate_01.wav</ShortName>
							<Path>SFX\itesate_01_A0997E7C.wem</Path>
						</File>
					</IncludedMemoryFiles>
				</Event>
				<Event Id="1368746307" Name="Play_Voice_Tesla_Death_1" ObjectPath="\Events\Default Work Unit\Trooper\VoiceLines\Play_Voice_Tesla_Death_1">
					<IncludedMemoryFiles>
						<File Id="990781575" Language="SFX">
							<ShortName>itesdia_01.wav</ShortName>
							<Path>SFX\itesdia_01_A0997E7C.wem</Path>
						</File>
					</IncludedMemoryFiles>
				</Event>
				<Event Id="1368746304" Name="Play_Voice_Tesla_Death_2" ObjectPath="\Events\Default Work Unit\Trooper\VoiceLines\Play_Voice_Tesla_Death_2">
					<IncludedMemoryFiles>
						<File Id="132641799" Language="SFX">
							<ShortName>itesdib_01.wav</ShortName>
							<Path>SFX\itesdib_01_A0997E7C.wem</Path>
						</File>
					</IncludedMemoryFiles>
				</Event>
				<Event Id="1368746305" Name="Play_Voice_Tesla_Death_3" ObjectPath="\Events\Default Work Unit\Trooper\VoiceLines\Play_Voice_Tesla_Death_3">
					<IncludedMemoryFiles>
						<File Id="59822645" Language="SFX">
							<ShortName>itesdic_01.wav</ShortName>
							<Path>SFX\itesdic_01_A0997E7C.wem</Path>
						</File>
					</IncludedMemoryFiles>
				</Event>
				<Event Id="1368746310" Name="Play_Voice_Tesla_Death_4" ObjectPath="\Events\Default Work Unit\Trooper\VoiceLines\Play_Voice_Tesla_Death_4">
					<IncludedMemoryFiles>
						<File Id="401928348" Language="SFX">
							<ShortName>itesdid_01.wav</ShortName>
							<Path>SFX\itesdid_01_A0997E7C.wem</Path>
						</File>
					</IncludedMemoryFiles>
				</Event>
				<Event Id="2747400348" Name="Play_Voice_Tesla_Move_1" ObjectPath="\Events\Default Work Unit\Trooper\VoiceLines\Play_Voice_Tesla_Move_1">
					<IncludedMemoryFiles>
						<File Id="979624947" Language="SFX">
							<ShortName>itesmoa_01.wav</ShortName>
							<Path>SFX\itesmoa_01_A0997E7C.wem</Path>
						</File>
					</IncludedMemoryFiles>
				</Event>
				<Event Id="2747400351" Name="Play_Voice_Tesla_Move_2" ObjectPath="\Events\Default Work Unit\Trooper\VoiceLines\Play_Voice_Tesla_Move_2">
					<IncludedMemoryFiles>
						<File Id="713328082" Language="SFX">
							<ShortName>itesmob_01.wav</ShortName>
							<Path>SFX\itesmob_01_A0997E7C.wem</Path>
						</File>
					</IncludedMemoryFiles>
				</Event>
				<Event Id="2747400350" Name="Play_Voice_Tesla_Move_3" ObjectPath="\Events\Default Work Unit\Trooper\VoiceLines\Play_Voice_Tesla_Move_3">
					<IncludedMemoryFiles>
						<File Id="653386136" Language="SFX">
							<ShortName>itesmoc_01.wav</ShortName>
							<Path>SFX\itesmoc_01_A0997E7C.wem</Path>
						</File>
					</IncludedMemoryFiles>
				</Event>
				<Event Id="2747400345" Name="Play_Voice_Tesla_Move_4" ObjectPath="\Events\Default Work Unit\Trooper\VoiceLines\Play_Voice_Tesla_Move_4">
					<IncludedMemoryFiles>
						<File Id="30965453" Language="SFX">
							<ShortName>itesmod_01.wav</ShortName>
							<Path>SFX\itesmod_01_A0997E7C.wem</Path>
						</File>
					</IncludedMemoryFiles>
				</Event>
				<Event Id="2747400344" Name="Play_Voice_Tesla_Move_5" ObjectPath="\Events\Default Work Unit\Trooper\VoiceLines\Play_Voice_Tesla_Move_5">
					<IncludedMemoryFiles>
						<File Id="810700654" Language="SFX">
							<ShortName>itesmoe_01.wav</ShortName>
							<Path>SFX\itesmoe_01_A0997E7C.wem</Path>
						</File>
					</IncludedMemoryFiles>
				</Event>
				<Event Id="2747400347" Name="Play_Voice_Tesla_Move_6" ObjectPath="\Events\Default Work Unit\Trooper\VoiceLines\Play_Voice_Tesla_Move_6">
					<IncludedMemoryFiles>
						<File Id="659843373" Language="SFX">
							<ShortName>itesmof_01.wav</ShortName>
							<Path>SFX\itesmof_01_A0997E7C.wem</Path>
						</File>
					</IncludedMemoryFiles>
				</Event>
				<Event Id="3917604419" Name="Play_Voice_Tesla_Select_1" ObjectPath="\Events\Default Work Unit\Trooper\VoiceLines\Play_Voice_Tesla_Select_1">
					<IncludedMemoryFiles>
						<File Id="516379293" Language="SFX">
							<ShortName>itessea_01.wav</ShortName>
							<Path>SFX\itessea_01_A0997E7C.wem</Path>
						</File>
					</IncludedMemoryFiles>
				</Event>
				<Event Id="3917604416" Name="Play_Voice_Tesla_Select_2" ObjectPath="\Events\Default Work Unit\Trooper\VoiceLines\Play_Voice_Tesla_Select_2">
					<IncludedMemoryFiles>
						<File Id="599669330" Language="SFX">
							<ShortName>itessec_01.wav</ShortName>
							<Path>SFX\itessec_01_A0997E7C.wem</Path>
						</File>
					</IncludedMemoryFiles>
				</Event>
				<Event Id="3917604417" Name="Play_Voice_Tesla_Select_3" ObjectPath="\Events\Default Work Unit\Trooper\VoiceLines\Play_Voice_Tesla_Select_3">
					<IncludedMemoryFiles>
						<File Id="808685419" Language="SFX">
							<ShortName>itessed_01.wav</ShortName>
							<Path>SFX\itessed_01_A0997E7C.wem</Path>
						</File>
					</IncludedMemoryFiles>
				</Event>
				<Event Id="3917604422" Name="Play_Voice_Tesla_Select_4" ObjectPath="\Events\Default Work Unit\Trooper\VoiceLines\Play_Voice_Tesla_Select_4">
					<IncludedMemoryFiles>
						<File Id="649308765" Language="SFX">
							<ShortName>itessee_01.wav</ShortName>
							<Path>SFX\itessee_01_A0997E7C.wem</Path>
						</File>
					</IncludedMemoryFiles>
				</Event>
				<Event Id="4280244374" Name="Play_VoiceLine" ObjectPath="\Events\Default Work Unit\Trooper\VoiceLines\Play_VoiceLine">
					<IncludedMemoryFiles>
						<File Id="30965453" Language="SFX">
							<ShortName>itesmod_01.wav</ShortName>
							<Path>SFX\itesmod_01_A0997E7C.wem</Path>
						</File>
						<File Id="59822645" Language="SFX">
							<ShortName>itesdic_01.wav</ShortName>
							<Path>SFX\itesdic_01_A0997E7C.wem</Path>
						</File>
						<File Id="132641799" Language="SFX">
							<ShortName>itesdib_01.wav</ShortName>
							<Path>SFX\itesdib_01_A0997E7C.wem</Path>
						</File>
						<File Id="401928348" Language="SFX">
							<ShortName>itesdid_01.wav</ShortName>
							<Path>SFX\itesdid_01_A0997E7C.wem</Path>
						</File>
						<File Id="516379293" Language="SFX">
							<ShortName>itessea_01.wav</ShortName>
							<Path>SFX\itessea_01_A0997E7C.wem</Path>
						</File>
						<File Id="599669330" Language="SFX">
							<ShortName>itessec_01.wav</ShortName>
							<Path>SFX\itessec_01_A0997E7C.wem</Path>
						</File>
						<File Id="649308765" Language="SFX">
							<ShortName>itessee_01.wav</ShortName>
							<Path>SFX\itessee_01_A0997E7C.wem</Path>
						</File>
						<File Id="653386136" Language="SFX">
							<ShortName>itesmoc_01.wav</ShortName>
							<Path>SFX\itesmoc_01_A0997E7C.wem</Path>
						</File>
						<File Id="653401900" Language="SFX">
							<ShortName>itesate_01.wav</ShortName>
							<Path>SFX\itesate_01_A0997E7C.wem</Path>
						</File>
						<File Id="659843373" Language="SFX">
							<ShortName>itesmof_01.wav</ShortName>
							<Path>SFX\itesmof_01_A0997E7C.wem</Path>
						</File>
						<File Id="702992641" Language="SFX">
							<ShortName>itesata_01.wav</ShortName>
							<Path>SFX\itesata_01_A0997E7C.wem</Path>
						</File>
						<File Id="713328082" Language="SFX">
							<ShortName>itesmob_01.wav</ShortName>
							<Path>SFX\itesmob_01_A0997E7C.wem</Path>
						</File>
						<File Id="730375976" Language="SFX">
							<ShortName>itesatb_01.wav</ShortName>
							<Path>SFX\itesatb_01_A0997E7C.wem</Path>
						</File>
						<File Id="808685419" Language="SFX">
							<ShortName>itessed_01.wav</ShortName>
							<Path>SFX\itessed_01_A0997E7C.wem</Path>
						</File>
						<File Id="810700654" Language="SFX">
							<ShortName>itesmoe_01.wav</ShortName>
							<Path>SFX\itesmoe_01_A0997E7C.wem</Path>
						</File>
						<File Id="894505461" Language="SFX">
							<ShortName>itesatc_01.wav</ShortName>
							<Path>SFX\itesatc_01_A0997E7C.wem</Path>
						</File>
						<File Id="979624947" Language="SFX">
							<ShortName>itesmoa_01.wav</ShortName>
							<Path>SFX\itesmoa_01_A0997E7C.wem</Path>
						</File>
						<File Id="990781575" Language="SFX">
							<ShortName>itesdia_01.wav</ShortName>
							<Path>SFX\itesdia_01_A0997E7C.wem</Path>
						</File>
						<File Id="1068644922" Language="SFX">
							<ShortName>itesatd_01.wav</ShortName>
							<Path>SFX\itesatd_01_A0997E7C.wem</Path>
						</File>
					</IncludedMemoryFiles>
				</Event>
				<Event Id="2412772725" Name="Play_Voiceline_Attack" ObjectPath="\Events\Default Work Unit\Trooper\VoiceLines\Play_Voiceline_Attack">
					<IncludedMemoryFiles>
						<File Id="653401900" Language="SFX">
							<ShortName>itesate_01.wav</ShortName>
							<Path>SFX\itesate_01_A0997E7C.wem</Path>
						</File>
						<File Id="702992641" Language="SFX">
							<ShortName>itesata_01.wav</ShortName>
							<Path>SFX\itesata_01_A0997E7C.wem</Path>
						</File>
						<File Id="730375976" Language="SFX">
							<ShortName>itesatb_01.wav</ShortName>
							<Path>SFX\itesatb_01_A0997E7C.wem</Path>
						</File>
						<File Id="894505461" Language="SFX">
							<ShortName>itesatc_01.wav</ShortName>
							<Path>SFX\itesatc_01_A0997E7C.wem</Path>
						</File>
						<File Id="1068644922" Language="SFX">
							<ShortName>itesatd_01.wav</ShortName>
							<Path>SFX\itesatd_01_A0997E7C.wem</Path>
						</File>
					</IncludedMemoryFiles>
				</Event>
				<Event Id="3309864479" Name="Play_Voiceline_Driver" ObjectPath="\Events\Default Work Unit\Trooper\VoiceLines\Play_Voiceline_Driver">
					<IncludedMemoryFiles>
						<File Id="702992641" Language="SFX">
							<ShortName>itesata_01.wav</ShortName>
							<Path>SFX\itesata_01_A0997E7C.wem</Path>
						</File>
						<File Id="810700654" Language="SFX">
							<ShortName>itesmoe_01.wav</ShortName>
							<Path>SFX\itesmoe_01_A0997E7C.wem</Path>
						</File>
					</IncludedMemoryFiles>
				</Event>
				<Event Id="951149930" Name="Play_Voiceline_Move" ObjectPath="\Events\Default Work Unit\Trooper\VoiceLines\Play_Voiceline_Move">
					<IncludedMemoryFiles>
						<File Id="30965453" Language="SFX">
							<ShortName>itesmod_01.wav</ShortName>
							<Path>SFX\itesmod_01_A0997E7C.wem</Path>
						</File>
						<File Id="653386136" Language="SFX">
							<ShortName>itesmoc_01.wav</ShortName>
							<Path>SFX\itesmoc_01_A0997E7C.wem</Path>
						</File>
						<File Id="659843373" Language="SFX">
							<ShortName>itesmof_01.wav</ShortName>
							<Path>SFX\itesmof_01_A0997E7C.wem</Path>
						</File>
						<File Id="713328082" Language="SFX">
							<ShortName>itesmob_01.wav</ShortName>
							<Path>SFX\itesmob_01_A0997E7C.wem</Path>
						</File>
						<File Id="810700654" Language="SFX">
							<ShortName>itesmoe_01.wav</ShortName>
							<Path>SFX\itesmoe_01_A0997E7C.wem</Path>
						</File>
						<File Id="979624947" Language="SFX">
							<ShortName>itesmoa_01.wav</ShortName>
							<Path>SFX\itesmoa_01_A0997E7C.wem</Path>
						</File>
					</IncludedMemoryFiles>
				</Event>
				<Event Id="3434708445" Name="Play_Voiceline_Select" ObjectPath="\Events\Default Work Unit\Trooper\VoiceLines\Play_Voiceline_Select">
					<IncludedMemoryFiles>
						<File Id="516379293" Language="SFX">
							<ShortName>itessea_01.wav</ShortName>
							<Path>SFX\itessea_01_A0997E7C.wem</Path>
						</File>
						<File Id="599669330" Language="SFX">
							<ShortName>itessec_01.wav</ShortName>
							<Path>SFX\itessec_01_A0997E7C.wem</Path>
						</File>
						<File Id="649308765" Language="SFX">
							<ShortName>itessee_01.wav</ShortName>
							<Path>SFX\itessee_01_A0997E7C.wem</Path>
						</File>
						<File Id="808685419" Language="SFX">
							<ShortName>itessed_01.wav</ShortName>
							<Path>SFX\itessed_01_A0997E7C.wem</Path>
						</File>
					</IncludedMemoryFiles>
				</Event>
				<Event Id="462453454" Name="Play_zap_crit" ObjectPath="\Events\Default Work Unit\Trooper\Play_zap_crit">
					<IncludedMemoryFiles>
						<File Id="44427184" Language="SFX">
							<ShortName>trooper_itesat2b tesla trooper attack_01.wav</ShortName>
							<Path>SFX\trooper_itesat2b tesla trooper attack_01_A0997E7C.wem</Path>
						</File>
						<File Id="987186596" Language="SFX">
							<ShortName>trooper_itesat2a tesla trooper attack_01.wav</ShortName>
							<Path>SFX\trooper_itesat2a tesla trooper attack_01_A0997E7C.wem</Path>
						</File>
					</IncludedMemoryFiles>
				</Event>
				<Event Id="544084209" Name="Stop_ChronoAttackShort" ObjectPath="\Events\Default Work Unit\Chrono\Stop_ChronoAttackShort"/>
				<Event Id="3204373722" Name="Stop_ChronosphereHumLoop" ObjectPath="\Events\Default Work Unit\Chrono\Sphere\Stop_ChronosphereHumLoop"/>
				<Event Id="2918939676" Name="Stop_ChronosphereSelectLoop" ObjectPath="\Events\Default Work Unit\Chrono\Sphere\Stop_ChronosphereSelectLoop"/>
				<Event Id="1071985510" Name="Stop_IvanBombLoop" ObjectPath="\Events\Default Work Unit\Chrono\Stop_IvanBombLoop"/>
			</IncludedEvents>
			<GameParameters>
				<GameParameter Id="3673881719" Name="Volume_SFX" ObjectPath="\Game Parameters\Default Work Unit\Volume_SFX"/>
			</GameParameters>
		</SoundBank>
	</SoundBanks>
</SoundBanksInfo>
